-- H2 2.0.206;
;             
CREATE USER IF NOT EXISTS "PRODUCTION" SALT '17a9cb276945785d' HASH '3807cdd4f0287bad03e57cedd59c701fc7fb1ca57b0ee281eaf8bf7c9186ac7b' ADMIN; 
CREATE CACHED TABLE "PUBLIC"."CATEGORY"(
    "ID" BIGINT GENERATED ALWAYS AS IDENTITY(START WITH 1 RESTART WITH 164) NOT NULL,
    "NAME" CHARACTER VARYING(25) NOT NULL,
    "DESCRIPTION" CHARACTER VARYING(250) NOT NULL
);            
ALTER TABLE "PUBLIC"."CATEGORY" ADD CONSTRAINT "PUBLIC"."CONSTRAINT_3" PRIMARY KEY("ID");     
-- 11 +/- SELECT COUNT(*) FROM PUBLIC.CATEGORY;               
INSERT INTO "PUBLIC"."CATEGORY"("ID", "NAME", "DESCRIPTION") OVERRIDING SYSTEM VALUE VALUES
(1, 'Food', 'Category of edible items'),
(2, 'Technical', 'Category of technical items'),
(3, 'Home', 'Category of  items for home'),
(34, 'New Releases', 'Category with new released items'),
(65, 'Garden', 'Category of gardening tools'),
(66, 'Tools', 'Category of tools '),
(97, 'Testing', 'Category for testing'),
(98, 'newnew', 'category'),
(99, 'Last Category', 'Hajduk zivi vjecno'),
(131, 'New last cat.', 'New last category'),
(163, 'Test the best', 'test category');            
CREATE CACHED TABLE "PUBLIC"."ITEM"(
    "ID" BIGINT GENERATED ALWAYS AS IDENTITY(START WITH 1 RESTART WITH 165) NOT NULL,
    "CATEGORY_ID" BIGINT NOT NULL,
    "NAME" CHARACTER VARYING(25) NOT NULL,
    "WIDTH" DECIMAL(10, 2) NOT NULL,
    "HEIGHT" DECIMAL(10, 2) NOT NULL,
    "LENGTH" DECIMAL(10, 2) NOT NULL,
    "PRODUCTION_COST" DECIMAL(15, 2) NOT NULL,
    "SELLING_PRICE" DECIMAL(15, 2) NOT NULL
);              
ALTER TABLE "PUBLIC"."ITEM" ADD CONSTRAINT "PUBLIC"."CONSTRAINT_2" PRIMARY KEY("ID");         
-- 24 +/- SELECT COUNT(*) FROM PUBLIC.ITEM;   
INSERT INTO "PUBLIC"."ITEM"("ID", "CATEGORY_ID", "NAME", "WIDTH", "HEIGHT", "LENGTH", "PRODUCTION_COST", "SELLING_PRICE") OVERRIDING SYSTEM VALUE VALUES
(1, 1, 'Sarma', 15.00, 5.00, 25.00, 10.00, 20.00),
(2, 2, 'Lenovo', 3.00, 1.00, 3.00, 1000.00, 2500.00),
(3, 2, 'Acer', 3.00, 1.00, 3.00, 1500.00, 4500.00),
(4, 2, 'HP', 3.00, 1.00, 3.00, 1600.00, 4999.00),
(5, 2, 'Asus', 2.00, 0.70, 2.50, 1200.00, 3899.00),
(6, 3, 'Table', 5.00, 2.50, 8.00, 200.00, 599.00),
(7, 3, 'Book', 1.00, 0.50, 1.00, 50.00, 150.00),
(8, 3, 'Scissors', 0.50, 0.20, 2.00, 10.00, 49.00),
(9, 1, 'Pork', 2.50, 5.00, 7.00, 50.00, 149.00),
(10, 1, 'Lamb', 1.50, 3.00, 4.00, 90.00, 249.00),
(34, 3, 'Oximeter', 0.10, 0.15, 0.20, 55.00, 245.00),
(35, 34, 'FLowers', 1.00, 5.00, 1.00, 15.00, 58.00),
(65, 65, 'Broom', 1.00, 5.00, 2.00, 15.00, 59.00),
(66, 65, 'Gloves', 0.50, 0.10, 0.70, 25.00, 75.00),
(67, 66, 'Screwdriver', 0.20, 0.10, 1.00, 35.00, 75.00),
(97, 97, 'Testing', 1.00, 1.00, 1.00, 1.00, 10.00),
(98, 98, 'New item', 1.00, 1.00, 1.00, 1.00, 1.00),
(99, 99, 'Last item', 10.00, 10.00, 5.00, 5.00, 400.00),
(100, 99, 'Expensive', 2.00, 2.00, 2.00, 2.00, 100000.00),
(101, 3, 'New Expensive', 3.00, 3.00, 3.00, 3.00, 100001.00),
(131, 97, 'Top Expensive', 2.00, 3.00, 4.00, 10000.00, 100002.00),
(132, 131, 'Last expensive', 6.00, 5.00, 4.00, 5000.00, 100005.00),
(163, 163, 'Test the best', 1.00, 2.00, 1.00, 45.00, 99.00),
(164, 2, 'High Price item', 2.00, 3.00, 4.00, 1000000.00, 2000000.00);
CREATE CACHED TABLE "PUBLIC"."ADDRESS"(
    "ID" BIGINT GENERATED ALWAYS AS IDENTITY(START WITH 1 RESTART WITH 97) NOT NULL,
    "STREET" CHARACTER VARYING(50) NOT NULL,
    "HOUSE_NUMBER" CHARACTER VARYING(10) NOT NULL,
    "CITY" CHARACTER VARYING(30) NOT NULL,
    "POSTAL_CODE" INTEGER NOT NULL
);           
ALTER TABLE "PUBLIC"."ADDRESS" ADD CONSTRAINT "PUBLIC"."CONSTRAINT_E" PRIMARY KEY("ID");      
-- 7 +/- SELECT COUNT(*) FROM PUBLIC.ADDRESS; 
INSERT INTO "PUBLIC"."ADDRESS"("ID", "STREET", "HOUSE_NUMBER", "CITY", "POSTAL_CODE") OVERRIDING SYSTEM VALUE VALUES
(1, U&'Ante Star\010devi\0107a', '32', 'Koprivnica', 48000),
(2, 'Ilica', '1', 'Zagreb', 10000),
(3, 'Tovarska', '1950', 'Split', 21000),
(33, 'Frankopanska', '2', 'Zagreb', 10000),
(34, U&'Zagreba\010dka', '8', 'Pula', 52100),
(65, 'Splitska', '50', 'Osijek', 3100),
(66, 'Korana', '1', 'Karlovac', 47000);               
CREATE CACHED TABLE "PUBLIC"."FACTORY"(
    "ID" BIGINT GENERATED ALWAYS AS IDENTITY(START WITH 1 RESTART WITH 164) NOT NULL,
    "NAME" CHARACTER VARYING(50) NOT NULL,
    "ADDRESS_ID" BIGINT NOT NULL
);              
ALTER TABLE "PUBLIC"."FACTORY" ADD CONSTRAINT "PUBLIC"."CONSTRAINT_E9" PRIMARY KEY("ID");     
-- 12 +/- SELECT COUNT(*) FROM PUBLIC.FACTORY;
INSERT INTO "PUBLIC"."FACTORY"("ID", "NAME", "ADDRESS_ID") OVERRIDING SYSTEM VALUE VALUES
(1, 'Podravka', 1),
(2, 'Najbolja', 2),
(3, 'Torcida', 3),
(34, 'Best Factory', 2),
(35, 'Small Factory', 34),
(65, 'Tvornica Osijek', 65),
(66, 'Tvornica Karlovac', 66),
(97, 'Testing Store', 66),
(98, 'new', 1),
(99, 'Last factory', 2),
(131, 'Last new factory', 34),
(163, 'Test the best', 66);               
CREATE CACHED TABLE "PUBLIC"."FACTORY_ITEM"(
    "FACTORY_ID" BIGINT NOT NULL,
    "ITEM_ID" BIGINT NOT NULL
);            
ALTER TABLE "PUBLIC"."FACTORY_ITEM" ADD CONSTRAINT "PUBLIC"."CONSTRAINT_1" PRIMARY KEY("FACTORY_ID", "ITEM_ID");              
-- 33 +/- SELECT COUNT(*) FROM PUBLIC.FACTORY_ITEM;           
INSERT INTO "PUBLIC"."FACTORY_ITEM" VALUES
(1, 1),
(1, 7),
(1, 9),
(1, 10),
(2, 2),
(2, 3),
(2, 4),
(2, 5),
(3, 6),
(3, 7),
(3, 8),
(3, 10),
(34, 6),
(34, 7),
(34, 8),
(34, 34),
(34, 35),
(35, 2),
(35, 34),
(65, 35),
(65, 65),
(65, 66),
(66, 67),
(97, 97),
(98, 1),
(99, 35),
(99, 99),
(131, 132),
(163, 2),
(163, 3),
(163, 4),
(163, 5),
(163, 6);  
CREATE CACHED TABLE "PUBLIC"."STORE"(
    "ID" BIGINT GENERATED ALWAYS AS IDENTITY(START WITH 1 RESTART WITH 164) NOT NULL,
    "NAME" CHARACTER VARYING(50) NOT NULL,
    "WEB_ADDRESS" CHARACTER VARYING(50) NOT NULL
);
ALTER TABLE "PUBLIC"."STORE" ADD CONSTRAINT "PUBLIC"."CONSTRAINT_4" PRIMARY KEY("ID");        
-- 11 +/- SELECT COUNT(*) FROM PUBLIC.STORE;  
INSERT INTO "PUBLIC"."STORE"("ID", "NAME", "WEB_ADDRESS") OVERRIDING SYSTEM VALUE VALUES
(1, 'Kupi sve', 'www.kupi-sve.hr'),
(2, 'Best Store', 'www.best-store.com'),
(3, 'Small Store', 'www.small-store.com'),
(33, 'Meat Store', 'www.meat-store.com'),
(65, 'Garden Store', 'www.garden-store.com'),
(66, 'Tools Store', 'www.tools-store.com'),
(97, 'New Store', 'www.new-store.com'),
(98, 'new store', 'www'),
(100, 'Last', 'www.last.com'),
(131, 'New last store', 'last.com'),
(163, 'Test the best', 'www.ttb.com');  
CREATE CACHED TABLE "PUBLIC"."STORE_ITEM"(
    "STORE_ID" BIGINT NOT NULL,
    "ITEM_ID" BIGINT NOT NULL
);
ALTER TABLE "PUBLIC"."STORE_ITEM" ADD CONSTRAINT "PUBLIC"."CONSTRAINT_5" PRIMARY KEY("STORE_ID", "ITEM_ID");  
-- 37 +/- SELECT COUNT(*) FROM PUBLIC.STORE_ITEM;             
INSERT INTO "PUBLIC"."STORE_ITEM" VALUES
(1, 1),
(1, 6),
(1, 7),
(1, 8),
(1, 9),
(1, 10),
(2, 2),
(2, 3),
(2, 4),
(2, 5),
(3, 1),
(3, 7),
(3, 9),
(3, 10),
(33, 9),
(33, 10),
(33, 34),
(33, 35),
(65, 1),
(65, 35),
(65, 65),
(65, 66),
(66, 67),
(97, 97),
(98, 6),
(98, 7),
(100, 66),
(100, 99),
(131, 100),
(131, 101),
(131, 131),
(131, 132),
(163, 100),
(163, 101),
(163, 131),
(163, 132),
(163, 163);         
CREATE CACHED TABLE "PUBLIC"."NARUDZBE"(
    "ID" BIGINT GENERATED ALWAYS AS IDENTITY(START WITH 1 RESTART WITH 33) NOT NULL,
    "SLANJE" CHARACTER VARYING(25) NOT NULL,
    "NAPOMENA" CHARACTER VARYING(250) NOT NULL,
    "DATUM" CHARACTER VARYING(250) NOT NULL
);
ALTER TABLE "PUBLIC"."NARUDZBE" ADD CONSTRAINT "PUBLIC"."CONSTRAINT_A" PRIMARY KEY("ID");     
-- 2 +/- SELECT COUNT(*) FROM PUBLIC.NARUDZBE;
INSERT INTO "PUBLIC"."NARUDZBE"("ID", "SLANJE", "NAPOMENA", "DATUM") OVERRIDING SYSTEM VALUE VALUES
(1, 'DHL', 'HITNO', '25.01.2000.'),
(2, 'OVERSSEAS', 'NIJE HITNO', '22.03.1998.');      
ALTER TABLE "PUBLIC"."STORE_ITEM" ADD CONSTRAINT "PUBLIC"."CONSTRAINT_559" FOREIGN KEY("ITEM_ID") REFERENCES "PUBLIC"."ITEM"("ID") NOCHECK;   
ALTER TABLE "PUBLIC"."ITEM" ADD CONSTRAINT "PUBLIC"."CONSTRAINT_22" FOREIGN KEY("CATEGORY_ID") REFERENCES "PUBLIC"."CATEGORY"("ID") NOCHECK;  
ALTER TABLE "PUBLIC"."STORE_ITEM" ADD CONSTRAINT "PUBLIC"."CONSTRAINT_55" FOREIGN KEY("STORE_ID") REFERENCES "PUBLIC"."STORE"("ID") NOCHECK;  
ALTER TABLE "PUBLIC"."FACTORY_ITEM" ADD CONSTRAINT "PUBLIC"."CONSTRAINT_1BC" FOREIGN KEY("ITEM_ID") REFERENCES "PUBLIC"."ITEM"("ID") NOCHECK; 
ALTER TABLE "PUBLIC"."FACTORY" ADD CONSTRAINT "PUBLIC"."CONSTRAINT_E9B" FOREIGN KEY("ADDRESS_ID") REFERENCES "PUBLIC"."ADDRESS"("ID") NOCHECK;
ALTER TABLE "PUBLIC"."FACTORY_ITEM" ADD CONSTRAINT "PUBLIC"."CONSTRAINT_1B" FOREIGN KEY("FACTORY_ID") REFERENCES "PUBLIC"."FACTORY"("ID") NOCHECK;            
